address_id,name,mother_name,document,cns,picture_url,postal_code,address,number,complement,neighborhood,city,state
1,Srta. Amélia Rosana da Cruz,Srta. Alessandra Paulina Faro,70563530960,205348094037721,picture5759.jpg,01029901,R. Saito,6568,Apartamento 525,Alphaville,Patrícia do Sul,Rio de Janeiro
2,Leandro Renan Chaves,Srta. Cristina Serna Pedrosa Neto,22511372037,847415722594256,picture174.jpg,01227200,Travessa Rocha,589,Apartamento 661,Prado,São Priscila do Norte,Rio Grande do Sul
3,Dr. Renan Estrada Carrara Filho,Juliane Lourenço Filho,66051484280,84811350283243,picture2277.jpg,01251000,R. Victor,37760,Apartamento 303,Vila Oeste,Porto Taís,Roraima
4,Mariah Fabiana Feliciano Sobrinho,Lilian Vasques Batista,97386304790,227795288674956,picture3627.jpg,01255010,R. Pereira,61344,Apartamento 864,Nova suissa,Vanessa do Sul,Piauí
5,Cezar Caio Lovato,Dr. Elizabeth Abreu Fontes,78633016451,238418059939985,picture1162.jpg,01308040,Travessa Edilson,48075,Apartamento 098,Alphaville,Aaron do Norte,Rio de Janeiro
6,Gabi Rico,Vitória Lúcia da Rosa,30987417592,356317129338670,picture687.jpg,01311914,Avenida Cervantes,1003,Apartamento 911,Buritis,Aranda d'Oeste,Acre
7,Felipe Rocha Filho,Dr. Noemi Quintana Neto,32345382554,280847951985422,picture995.jpg,01332906,Largo Regiane,5795,Apartamento 413,Alphaville,São Nero,Roraima
8,Nicolas Mendonça,Sra. Lilian Maia Filho,10874126410,766016367569559,picture5996.jpg,01416902,Rua Leon,914,Apartamento 314,Gutierrez,São Sebastião,São Paulo
9,Dr. Diogo Zaragoça,Ruth das Neves,70176283145,972314566515485,picture3270.jpg,01426040,Largo Sanches,699,Apartamento 144,Nova suissa,São Josefina do Leste,Santa Catarina
10,Suellen Galindo Sobrinho,Iasmin Luara Pena Sobrinho,59849134887,637542359211805,picture9894.jpg,01501001,Avenida Leo Queirós,34721,Apartamento 588,Prado,Santa Roberto do Sul,Mato Grosso